文件路径,问题类型,描述
../cantian-ai-wiki/docs\intro.md,short_description,描述过短 (< 50 字符)
../cantian-ai-wiki/docs\intro.md,no_internal_links,没有内部链接
../cantian-ai-wiki/docs\intro.md,no_headings,"没有小标题 (h2, h3)"
../cantian-ai-wiki/docs\intro.md,low_content_density,内容密度低 (< 200 字)
../cantian-ai-wiki/docs\其他名词解释\五行.md,missing_title,缺少标题
../cantian-ai-wiki/docs\其他名词解释\五行.md,no_internal_links,没有内部链接
../cantian-ai-wiki/docs\其他名词解释\五行.md,long_paragraphs,段落过长 (> 300 字符)
../cantian-ai-wiki/docs\其他名词解释\格局.md,missing_title,缺少标题
../cantian-ai-wiki/docs\其他名词解释\格局.md,no_internal_links,没有内部链接
../cantian-ai-wiki/docs\其他名词解释\格局.md,long_paragraphs,段落过长 (> 300 字符)
../cantian-ai-wiki/docs\其他名词解释\生肖.md,missing_title,缺少标题
../cantian-ai-wiki/docs\其他名词解释\生肖.md,no_internal_links,没有内部链接
../cantian-ai-wiki/docs\其他名词解释\生肖.md,no_headings,"没有小标题 (h2, h3)"
../cantian-ai-wiki/docs\其他名词解释\生肖.md,long_paragraphs,段落过长 (> 300 字符)
../cantian-ai-wiki/docs\其他名词解释\阴阳.md,missing_title,缺少标题
../cantian-ai-wiki/docs\其他名词解释\阴阳.md,no_internal_links,没有内部链接
../cantian-ai-wiki/docs\其他名词解释\阴阳.md,long_paragraphs,段落过长 (> 300 字符)
../cantian-ai-wiki/docs\十神\七杀.md,missing_title,缺少标题
../cantian-ai-wiki/docs\十神\七杀.md,short_description,描述过短 (< 50 字符)
../cantian-ai-wiki/docs\十神\七杀.md,no_internal_links,没有内部链接
../cantian-ai-wiki/docs\十神\七杀.md,long_paragraphs,段落过长 (> 300 字符)
../cantian-ai-wiki/docs\十神\伤官.md,missing_title,缺少标题
../cantian-ai-wiki/docs\十神\伤官.md,short_description,描述过短 (< 50 字符)
../cantian-ai-wiki/docs\十神\伤官.md,no_internal_links,没有内部链接
../cantian-ai-wiki/docs\十神\伤官.md,long_paragraphs,段落过长 (> 300 字符)
../cantian-ai-wiki/docs\十神\偏印.md,missing_title,缺少标题
../cantian-ai-wiki/docs\十神\偏印.md,short_description,描述过短 (< 50 字符)
../cantian-ai-wiki/docs\十神\偏印.md,no_internal_links,没有内部链接
../cantian-ai-wiki/docs\十神\偏印.md,long_paragraphs,段落过长 (> 300 字符)
../cantian-ai-wiki/docs\十神\偏财.md,missing_title,缺少标题
../cantian-ai-wiki/docs\十神\偏财.md,short_description,描述过短 (< 50 字符)
../cantian-ai-wiki/docs\十神\偏财.md,no_internal_links,没有内部链接
../cantian-ai-wiki/docs\十神\偏财.md,long_paragraphs,段落过长 (> 300 字符)
../cantian-ai-wiki/docs\十神\劫财.md,missing_title,缺少标题
../cantian-ai-wiki/docs\十神\劫财.md,short_description,描述过短 (< 50 字符)
../cantian-ai-wiki/docs\十神\劫财.md,no_internal_links,没有内部链接
../cantian-ai-wiki/docs\十神\劫财.md,long_paragraphs,段落过长 (> 300 字符)
../cantian-ai-wiki/docs\十神\十神介绍.md,missing_title,缺少标题
../cantian-ai-wiki/docs\十神\十神介绍.md,no_internal_links,没有内部链接
../cantian-ai-wiki/docs\十神\十神介绍.md,no_headings,"没有小标题 (h2, h3)"
../cantian-ai-wiki/docs\十神\十神介绍.md,long_paragraphs,段落过长 (> 300 字符)
../cantian-ai-wiki/docs\十神\日主.md,missing_title,缺少标题
../cantian-ai-wiki/docs\十神\日主.md,no_internal_links,没有内部链接
../cantian-ai-wiki/docs\十神\日主.md,no_headings,"没有小标题 (h2, h3)"
../cantian-ai-wiki/docs\十神\日主.md,long_paragraphs,段落过长 (> 300 字符)
../cantian-ai-wiki/docs\十神\正印.md,missing_title,缺少标题
../cantian-ai-wiki/docs\十神\正印.md,short_description,描述过短 (< 50 字符)
../cantian-ai-wiki/docs\十神\正印.md,no_internal_links,没有内部链接
../cantian-ai-wiki/docs\十神\正印.md,long_paragraphs,段落过长 (> 300 字符)
../cantian-ai-wiki/docs\十神\正官.md,missing_title,缺少标题
../cantian-ai-wiki/docs\十神\正官.md,short_description,描述过短 (< 50 字符)
../cantian-ai-wiki/docs\十神\正官.md,no_internal_links,没有内部链接
../cantian-ai-wiki/docs\十神\正官.md,long_paragraphs,段落过长 (> 300 字符)
../cantian-ai-wiki/docs\十神\正财.md,missing_title,缺少标题
../cantian-ai-wiki/docs\十神\正财.md,short_description,描述过短 (< 50 字符)
../cantian-ai-wiki/docs\十神\正财.md,no_internal_links,没有内部链接
../cantian-ai-wiki/docs\十神\正财.md,long_paragraphs,段落过长 (> 300 字符)
../cantian-ai-wiki/docs\十神\比肩.md,missing_title,缺少标题
../cantian-ai-wiki/docs\十神\比肩.md,short_description,描述过短 (< 50 字符)
../cantian-ai-wiki/docs\十神\比肩.md,no_internal_links,没有内部链接
../cantian-ai-wiki/docs\十神\比肩.md,long_paragraphs,段落过长 (> 300 字符)
../cantian-ai-wiki/docs\十神\食神.md,missing_title,缺少标题
../cantian-ai-wiki/docs\十神\食神.md,short_description,描述过短 (< 50 字符)
../cantian-ai-wiki/docs\十神\食神.md,no_internal_links,没有内部链接
../cantian-ai-wiki/docs\十神\食神.md,long_paragraphs,段落过长 (> 300 字符)
../cantian-ai-wiki/docs\地支\丑.md,missing_title,缺少标题
../cantian-ai-wiki/docs\地支\丑.md,short_description,描述过短 (< 50 字符)
../cantian-ai-wiki/docs\地支\丑.md,no_internal_links,没有内部链接
../cantian-ai-wiki/docs\地支\亥.md,missing_title,缺少标题
../cantian-ai-wiki/docs\地支\亥.md,short_description,描述过短 (< 50 字符)
../cantian-ai-wiki/docs\地支\亥.md,no_internal_links,没有内部链接
../cantian-ai-wiki/docs\地支\午.md,missing_title,缺少标题
../cantian-ai-wiki/docs\地支\午.md,short_description,描述过短 (< 50 字符)
../cantian-ai-wiki/docs\地支\午.md,no_internal_links,没有内部链接
../cantian-ai-wiki/docs\地支\卯.md,missing_title,缺少标题
../cantian-ai-wiki/docs\地支\卯.md,short_description,描述过短 (< 50 字符)
../cantian-ai-wiki/docs\地支\卯.md,no_internal_links,没有内部链接
../cantian-ai-wiki/docs\地支\地支介绍.md,missing_title,缺少标题
../cantian-ai-wiki/docs\地支\地支介绍.md,no_internal_links,没有内部链接
../cantian-ai-wiki/docs\地支\地支介绍.md,no_headings,"没有小标题 (h2, h3)"
../cantian-ai-wiki/docs\地支\地支介绍.md,long_paragraphs,段落过长 (> 300 字符)
../cantian-ai-wiki/docs\地支\子.md,missing_title,缺少标题
../cantian-ai-wiki/docs\地支\子.md,short_description,描述过短 (< 50 字符)
../cantian-ai-wiki/docs\地支\子.md,no_internal_links,没有内部链接
../cantian-ai-wiki/docs\地支\寅.md,missing_title,缺少标题
../cantian-ai-wiki/docs\地支\寅.md,short_description,描述过短 (< 50 字符)
../cantian-ai-wiki/docs\地支\寅.md,no_internal_links,没有内部链接
../cantian-ai-wiki/docs\地支\巳.md,missing_title,缺少标题
../cantian-ai-wiki/docs\地支\巳.md,short_description,描述过短 (< 50 字符)
../cantian-ai-wiki/docs\地支\巳.md,no_internal_links,没有内部链接
../cantian-ai-wiki/docs\地支\戌.md,missing_title,缺少标题
../cantian-ai-wiki/docs\地支\戌.md,short_description,描述过短 (< 50 字符)
../cantian-ai-wiki/docs\地支\戌.md,no_internal_links,没有内部链接
../cantian-ai-wiki/docs\地支\未.md,missing_title,缺少标题
../cantian-ai-wiki/docs\地支\未.md,short_description,描述过短 (< 50 字符)
../cantian-ai-wiki/docs\地支\未.md,no_internal_links,没有内部链接
../cantian-ai-wiki/docs\地支\申.md,missing_title,缺少标题
../cantian-ai-wiki/docs\地支\申.md,short_description,描述过短 (< 50 字符)
../cantian-ai-wiki/docs\地支\申.md,no_internal_links,没有内部链接
../cantian-ai-wiki/docs\地支\辰.md,missing_title,缺少标题
../cantian-ai-wiki/docs\地支\辰.md,short_description,描述过短 (< 50 字符)
../cantian-ai-wiki/docs\地支\辰.md,no_internal_links,没有内部链接
../cantian-ai-wiki/docs\地支\酉.md,missing_title,缺少标题
../cantian-ai-wiki/docs\地支\酉.md,short_description,描述过短 (< 50 字符)
../cantian-ai-wiki/docs\地支\酉.md,no_internal_links,没有内部链接
../cantian-ai-wiki/docs\天干\丁.md,missing_title,缺少标题
../cantian-ai-wiki/docs\天干\丁.md,short_description,描述过短 (< 50 字符)
../cantian-ai-wiki/docs\天干\丁.md,no_internal_links,没有内部链接
../cantian-ai-wiki/docs\天干\丁.md,long_paragraphs,段落过长 (> 300 字符)
../cantian-ai-wiki/docs\天干\丙.md,missing_title,缺少标题
../cantian-ai-wiki/docs\天干\丙.md,short_description,描述过短 (< 50 字符)
../cantian-ai-wiki/docs\天干\丙.md,no_internal_links,没有内部链接
../cantian-ai-wiki/docs\天干\乙.md,missing_title,缺少标题
../cantian-ai-wiki/docs\天干\乙.md,short_description,描述过短 (< 50 字符)
../cantian-ai-wiki/docs\天干\乙.md,no_internal_links,没有内部链接
../cantian-ai-wiki/docs\天干\乙.md,long_paragraphs,段落过长 (> 300 字符)
../cantian-ai-wiki/docs\天干\壬.md,missing_title,缺少标题
../cantian-ai-wiki/docs\天干\壬.md,short_description,描述过短 (< 50 字符)
../cantian-ai-wiki/docs\天干\壬.md,no_internal_links,没有内部链接
../cantian-ai-wiki/docs\天干\壬.md,long_paragraphs,段落过长 (> 300 字符)
../cantian-ai-wiki/docs\天干\天干介绍.md,missing_title,缺少标题
../cantian-ai-wiki/docs\天干\天干介绍.md,no_internal_links,没有内部链接
../cantian-ai-wiki/docs\天干\天干介绍.md,no_headings,"没有小标题 (h2, h3)"
../cantian-ai-wiki/docs\天干\天干介绍.md,long_paragraphs,段落过长 (> 300 字符)
../cantian-ai-wiki/docs\天干\己.md,missing_title,缺少标题
../cantian-ai-wiki/docs\天干\己.md,short_description,描述过短 (< 50 字符)
../cantian-ai-wiki/docs\天干\己.md,no_internal_links,没有内部链接
../cantian-ai-wiki/docs\天干\己.md,long_paragraphs,段落过长 (> 300 字符)
../cantian-ai-wiki/docs\天干\庚.md,missing_title,缺少标题
../cantian-ai-wiki/docs\天干\庚.md,short_description,描述过短 (< 50 字符)
../cantian-ai-wiki/docs\天干\庚.md,no_internal_links,没有内部链接
../cantian-ai-wiki/docs\天干\庚.md,long_paragraphs,段落过长 (> 300 字符)
../cantian-ai-wiki/docs\天干\戊.md,missing_title,缺少标题
../cantian-ai-wiki/docs\天干\戊.md,short_description,描述过短 (< 50 字符)
../cantian-ai-wiki/docs\天干\戊.md,no_internal_links,没有内部链接
../cantian-ai-wiki/docs\天干\戊.md,long_paragraphs,段落过长 (> 300 字符)
../cantian-ai-wiki/docs\天干\甲.md,missing_title,缺少标题
../cantian-ai-wiki/docs\天干\甲.md,short_description,描述过短 (< 50 字符)
../cantian-ai-wiki/docs\天干\甲.md,no_internal_links,没有内部链接
../cantian-ai-wiki/docs\天干\癸.md,missing_title,缺少标题
../cantian-ai-wiki/docs\天干\癸.md,short_description,描述过短 (< 50 字符)
../cantian-ai-wiki/docs\天干\癸.md,no_internal_links,没有内部链接
../cantian-ai-wiki/docs\天干\癸.md,long_paragraphs,段落过长 (> 300 字符)
../cantian-ai-wiki/docs\天干\辛.md,missing_title,缺少标题
../cantian-ai-wiki/docs\天干\辛.md,short_description,描述过短 (< 50 字符)
../cantian-ai-wiki/docs\天干\辛.md,no_internal_links,没有内部链接
../cantian-ai-wiki/docs\天干\辛.md,long_paragraphs,段落过长 (> 300 字符)
../cantian-ai-wiki/docs\星运_十二长生_\临官.md,missing_title,缺少标题
../cantian-ai-wiki/docs\星运_十二长生_\临官.md,no_internal_links,没有内部链接
../cantian-ai-wiki/docs\星运_十二长生_\临官.md,no_headings,"没有小标题 (h2, h3)"
../cantian-ai-wiki/docs\星运_十二长生_\临官.md,long_paragraphs,段落过长 (> 300 字符)
../cantian-ai-wiki/docs\星运_十二长生_\养.md,missing_title,缺少标题
../cantian-ai-wiki/docs\星运_十二长生_\养.md,no_internal_links,没有内部链接
../cantian-ai-wiki/docs\星运_十二长生_\养.md,no_headings,"没有小标题 (h2, h3)"
../cantian-ai-wiki/docs\星运_十二长生_\养.md,long_paragraphs,段落过长 (> 300 字符)
../cantian-ai-wiki/docs\星运_十二长生_\冠带.md,missing_title,缺少标题
../cantian-ai-wiki/docs\星运_十二长生_\冠带.md,no_internal_links,没有内部链接
../cantian-ai-wiki/docs\星运_十二长生_\冠带.md,no_headings,"没有小标题 (h2, h3)"
../cantian-ai-wiki/docs\星运_十二长生_\冠带.md,long_paragraphs,段落过长 (> 300 字符)
../cantian-ai-wiki/docs\星运_十二长生_\墓.md,missing_title,缺少标题
../cantian-ai-wiki/docs\星运_十二长生_\墓.md,no_internal_links,没有内部链接
../cantian-ai-wiki/docs\星运_十二长生_\墓.md,no_headings,"没有小标题 (h2, h3)"
../cantian-ai-wiki/docs\星运_十二长生_\墓.md,long_paragraphs,段落过长 (> 300 字符)
../cantian-ai-wiki/docs\星运_十二长生_\帝旺.md,missing_title,缺少标题
../cantian-ai-wiki/docs\星运_十二长生_\帝旺.md,no_internal_links,没有内部链接
../cantian-ai-wiki/docs\星运_十二长生_\帝旺.md,no_headings,"没有小标题 (h2, h3)"
../cantian-ai-wiki/docs\星运_十二长生_\帝旺.md,long_paragraphs,段落过长 (> 300 字符)
../cantian-ai-wiki/docs\星运_十二长生_\星运_十二长生_介绍.md,missing_title,缺少标题
../cantian-ai-wiki/docs\星运_十二长生_\星运_十二长生_介绍.md,no_internal_links,没有内部链接
../cantian-ai-wiki/docs\星运_十二长生_\星运_十二长生_介绍.md,no_headings,"没有小标题 (h2, h3)"
../cantian-ai-wiki/docs\星运_十二长生_\星运_十二长生_介绍.md,long_paragraphs,段落过长 (> 300 字符)
../cantian-ai-wiki/docs\星运_十二长生_\死.md,missing_title,缺少标题
../cantian-ai-wiki/docs\星运_十二长生_\死.md,no_internal_links,没有内部链接
../cantian-ai-wiki/docs\星运_十二长生_\死.md,no_headings,"没有小标题 (h2, h3)"
../cantian-ai-wiki/docs\星运_十二长生_\死.md,long_paragraphs,段落过长 (> 300 字符)
../cantian-ai-wiki/docs\星运_十二长生_\沐浴.md,missing_title,缺少标题
../cantian-ai-wiki/docs\星运_十二长生_\沐浴.md,no_internal_links,没有内部链接
../cantian-ai-wiki/docs\星运_十二长生_\沐浴.md,no_headings,"没有小标题 (h2, h3)"
../cantian-ai-wiki/docs\星运_十二长生_\沐浴.md,long_paragraphs,段落过长 (> 300 字符)
../cantian-ai-wiki/docs\星运_十二长生_\病.md,missing_title,缺少标题
../cantian-ai-wiki/docs\星运_十二长生_\病.md,no_internal_links,没有内部链接
../cantian-ai-wiki/docs\星运_十二长生_\病.md,no_headings,"没有小标题 (h2, h3)"
../cantian-ai-wiki/docs\星运_十二长生_\病.md,long_paragraphs,段落过长 (> 300 字符)
../cantian-ai-wiki/docs\星运_十二长生_\绝.md,missing_title,缺少标题
../cantian-ai-wiki/docs\星运_十二长生_\绝.md,no_internal_links,没有内部链接
../cantian-ai-wiki/docs\星运_十二长生_\绝.md,no_headings,"没有小标题 (h2, h3)"
../cantian-ai-wiki/docs\星运_十二长生_\绝.md,long_paragraphs,段落过长 (> 300 字符)
../cantian-ai-wiki/docs\星运_十二长生_\胎.md,missing_title,缺少标题
../cantian-ai-wiki/docs\星运_十二长生_\胎.md,no_internal_links,没有内部链接
../cantian-ai-wiki/docs\星运_十二长生_\胎.md,no_headings,"没有小标题 (h2, h3)"
../cantian-ai-wiki/docs\星运_十二长生_\胎.md,long_paragraphs,段落过长 (> 300 字符)
../cantian-ai-wiki/docs\星运_十二长生_\衰.md,missing_title,缺少标题
../cantian-ai-wiki/docs\星运_十二长生_\衰.md,no_internal_links,没有内部链接
../cantian-ai-wiki/docs\星运_十二长生_\衰.md,no_headings,"没有小标题 (h2, h3)"
../cantian-ai-wiki/docs\星运_十二长生_\衰.md,long_paragraphs,段落过长 (> 300 字符)
../cantian-ai-wiki/docs\星运_十二长生_\长生.md,missing_title,缺少标题
../cantian-ai-wiki/docs\星运_十二长生_\长生.md,no_internal_links,没有内部链接
../cantian-ai-wiki/docs\星运_十二长生_\长生.md,no_headings,"没有小标题 (h2, h3)"
../cantian-ai-wiki/docs\星运_十二长生_\长生.md,long_paragraphs,段落过长 (> 300 字符)
../cantian-ai-wiki/docs\神煞\三奇贵人.md,missing_title,缺少标题
../cantian-ai-wiki/docs\神煞\三奇贵人.md,short_description,描述过短 (< 50 字符)
../cantian-ai-wiki/docs\神煞\三奇贵人.md,no_internal_links,没有内部链接
../cantian-ai-wiki/docs\神煞\三奇贵人.md,long_paragraphs,段落过长 (> 300 字符)
../cantian-ai-wiki/docs\神煞\丧门.md,missing_title,缺少标题
../cantian-ai-wiki/docs\神煞\丧门.md,short_description,描述过短 (< 50 字符)
../cantian-ai-wiki/docs\神煞\丧门.md,no_internal_links,没有内部链接
../cantian-ai-wiki/docs\神煞\丧门.md,long_paragraphs,段落过长 (> 300 字符)
../cantian-ai-wiki/docs\神煞\九丑.md,missing_title,缺少标题
../cantian-ai-wiki/docs\神煞\九丑.md,short_description,描述过短 (< 50 字符)
../cantian-ai-wiki/docs\神煞\九丑.md,no_internal_links,没有内部链接
../cantian-ai-wiki/docs\神煞\亡神.md,missing_title,缺少标题
../cantian-ai-wiki/docs\神煞\亡神.md,short_description,描述过短 (< 50 字符)
../cantian-ai-wiki/docs\神煞\亡神.md,no_internal_links,没有内部链接
../cantian-ai-wiki/docs\神煞\亡神.md,long_paragraphs,段落过长 (> 300 字符)
../cantian-ai-wiki/docs\神煞\元辰.md,missing_title,缺少标题
../cantian-ai-wiki/docs\神煞\元辰.md,short_description,描述过短 (< 50 字符)
../cantian-ai-wiki/docs\神煞\元辰.md,no_internal_links,没有内部链接
../cantian-ai-wiki/docs\神煞\元辰.md,long_paragraphs,段落过长 (> 300 字符)
../cantian-ai-wiki/docs\神煞\八专.md,missing_title,缺少标题
../cantian-ai-wiki/docs\神煞\八专.md,short_description,描述过短 (< 50 字符)
../cantian-ai-wiki/docs\神煞\八专.md,no_internal_links,没有内部链接
../cantian-ai-wiki/docs\神煞\六厄.md,missing_title,缺少标题
../cantian-ai-wiki/docs\神煞\六厄.md,short_description,描述过短 (< 50 字符)
../cantian-ai-wiki/docs\神煞\六厄.md,no_internal_links,没有内部链接
../cantian-ai-wiki/docs\神煞\六秀.md,missing_title,缺少标题
../cantian-ai-wiki/docs\神煞\六秀.md,short_description,描述过短 (< 50 字符)
../cantian-ai-wiki/docs\神煞\六秀.md,no_internal_links,没有内部链接
../cantian-ai-wiki/docs\神煞\劫煞.md,missing_title,缺少标题
../cantian-ai-wiki/docs\神煞\劫煞.md,short_description,描述过短 (< 50 字符)
../cantian-ai-wiki/docs\神煞\劫煞.md,no_internal_links,没有内部链接
../cantian-ai-wiki/docs\神煞\劫煞.md,long_paragraphs,段落过长 (> 300 字符)
../cantian-ai-wiki/docs\神煞\勾绞煞.md,missing_title,缺少标题
../cantian-ai-wiki/docs\神煞\勾绞煞.md,short_description,描述过短 (< 50 字符)
../cantian-ai-wiki/docs\神煞\勾绞煞.md,no_internal_links,没有内部链接
../cantian-ai-wiki/docs\神煞\勾绞煞.md,long_paragraphs,段落过长 (> 300 字符)
../cantian-ai-wiki/docs\神煞\十恶大败.md,missing_title,缺少标题
../cantian-ai-wiki/docs\神煞\十恶大败.md,no_internal_links,没有内部链接
../cantian-ai-wiki/docs\神煞\十恶大败.md,long_paragraphs,段落过长 (> 300 字符)
../cantian-ai-wiki/docs\神煞\十灵.md,missing_title,缺少标题
../cantian-ai-wiki/docs\神煞\十灵.md,short_description,描述过短 (< 50 字符)
../cantian-ai-wiki/docs\神煞\十灵.md,no_internal_links,没有内部链接
../cantian-ai-wiki/docs\神煞\华盖.md,missing_title,缺少标题
../cantian-ai-wiki/docs\神煞\华盖.md,short_description,描述过短 (< 50 字符)
../cantian-ai-wiki/docs\神煞\华盖.md,no_internal_links,没有内部链接
../cantian-ai-wiki/docs\神煞\华盖.md,long_paragraphs,段落过长 (> 300 字符)
../cantian-ai-wiki/docs\神煞\吊客.md,missing_title,缺少标题
../cantian-ai-wiki/docs\神煞\吊客.md,short_description,描述过短 (< 50 字符)
../cantian-ai-wiki/docs\神煞\吊客.md,no_internal_links,没有内部链接
../cantian-ai-wiki/docs\神煞\吊客.md,long_paragraphs,段落过长 (> 300 字符)
../cantian-ai-wiki/docs\神煞\四废.md,missing_title,缺少标题
../cantian-ai-wiki/docs\神煞\四废.md,short_description,描述过短 (< 50 字符)
../cantian-ai-wiki/docs\神煞\四废.md,no_internal_links,没有内部链接
../cantian-ai-wiki/docs\神煞\国印.md,missing_title,缺少标题
../cantian-ai-wiki/docs\神煞\国印.md,short_description,描述过短 (< 50 字符)
../cantian-ai-wiki/docs\神煞\国印.md,no_internal_links,没有内部链接
../cantian-ai-wiki/docs\神煞\国印.md,long_paragraphs,段落过长 (> 300 字符)
../cantian-ai-wiki/docs\神煞\地转.md,missing_title,缺少标题
../cantian-ai-wiki/docs\神煞\地转.md,short_description,描述过短 (< 50 字符)
../cantian-ai-wiki/docs\神煞\地转.md,no_internal_links,没有内部链接
../cantian-ai-wiki/docs\神煞\天乙贵人.md,missing_title,缺少标题
../cantian-ai-wiki/docs\神煞\天乙贵人.md,short_description,描述过短 (< 50 字符)
../cantian-ai-wiki/docs\神煞\天乙贵人.md,no_internal_links,没有内部链接
../cantian-ai-wiki/docs\神煞\天乙贵人.md,long_paragraphs,段落过长 (> 300 字符)
../cantian-ai-wiki/docs\神煞\天医星.md,missing_title,缺少标题
../cantian-ai-wiki/docs\神煞\天医星.md,short_description,描述过短 (< 50 字符)
../cantian-ai-wiki/docs\神煞\天医星.md,no_internal_links,没有内部链接
../cantian-ai-wiki/docs\神煞\天医星.md,long_paragraphs,段落过长 (> 300 字符)
../cantian-ai-wiki/docs\神煞\天厨贵人.md,missing_title,缺少标题
../cantian-ai-wiki/docs\神煞\天厨贵人.md,short_description,描述过短 (< 50 字符)
../cantian-ai-wiki/docs\神煞\天厨贵人.md,no_internal_links,没有内部链接
../cantian-ai-wiki/docs\神煞\天喜.md,missing_title,缺少标题
../cantian-ai-wiki/docs\神煞\天喜.md,short_description,描述过短 (< 50 字符)
../cantian-ai-wiki/docs\神煞\天喜.md,no_internal_links,没有内部链接
../cantian-ai-wiki/docs\神煞\天喜.md,long_paragraphs,段落过长 (> 300 字符)
../cantian-ai-wiki/docs\神煞\天德合.md,missing_title,缺少标题
../cantian-ai-wiki/docs\神煞\天德合.md,short_description,描述过短 (< 50 字符)
../cantian-ai-wiki/docs\神煞\天德合.md,no_internal_links,没有内部链接
../cantian-ai-wiki/docs\神煞\天德合.md,long_paragraphs,段落过长 (> 300 字符)
../cantian-ai-wiki/docs\神煞\天德贵人.md,missing_title,缺少标题
../cantian-ai-wiki/docs\神煞\天德贵人.md,short_description,描述过短 (< 50 字符)
../cantian-ai-wiki/docs\神煞\天德贵人.md,no_internal_links,没有内部链接
../cantian-ai-wiki/docs\神煞\天德贵人.md,long_paragraphs,段落过长 (> 300 字符)
../cantian-ai-wiki/docs\神煞\天罗地网.md,missing_title,缺少标题
../cantian-ai-wiki/docs\神煞\天罗地网.md,short_description,描述过短 (< 50 字符)
../cantian-ai-wiki/docs\神煞\天罗地网.md,no_internal_links,没有内部链接
../cantian-ai-wiki/docs\神煞\天赦星.md,missing_title,缺少标题
../cantian-ai-wiki/docs\神煞\天赦星.md,short_description,描述过短 (< 50 字符)
../cantian-ai-wiki/docs\神煞\天赦星.md,no_internal_links,没有内部链接
../cantian-ai-wiki/docs\神煞\天赦星.md,long_paragraphs,段落过长 (> 300 字符)
../cantian-ai-wiki/docs\神煞\天转.md,missing_title,缺少标题
../cantian-ai-wiki/docs\神煞\天转.md,short_description,描述过短 (< 50 字符)
../cantian-ai-wiki/docs\神煞\天转.md,no_internal_links,没有内部链接
../cantian-ai-wiki/docs\神煞\太极贵人.md,missing_title,缺少标题
../cantian-ai-wiki/docs\神煞\太极贵人.md,short_description,描述过短 (< 50 字符)
../cantian-ai-wiki/docs\神煞\太极贵人.md,no_internal_links,没有内部链接
../cantian-ai-wiki/docs\神煞\太极贵人.md,long_paragraphs,段落过长 (> 300 字符)
../cantian-ai-wiki/docs\神煞\孤辰.md,missing_title,缺少标题
../cantian-ai-wiki/docs\神煞\孤辰.md,short_description,描述过短 (< 50 字符)
../cantian-ai-wiki/docs\神煞\孤辰.md,no_internal_links,没有内部链接
../cantian-ai-wiki/docs\神煞\孤辰.md,long_paragraphs,段落过长 (> 300 字符)
../cantian-ai-wiki/docs\神煞\孤鸾.md,missing_title,缺少标题
../cantian-ai-wiki/docs\神煞\孤鸾.md,short_description,描述过短 (< 50 字符)
../cantian-ai-wiki/docs\神煞\孤鸾.md,no_internal_links,没有内部链接
../cantian-ai-wiki/docs\神煞\孤鸾.md,long_paragraphs,段落过长 (> 300 字符)
../cantian-ai-wiki/docs\神煞\学堂.md,missing_title,缺少标题
../cantian-ai-wiki/docs\神煞\学堂.md,short_description,描述过短 (< 50 字符)
../cantian-ai-wiki/docs\神煞\学堂.md,no_internal_links,没有内部链接
../cantian-ai-wiki/docs\神煞\学堂.md,long_paragraphs,段落过长 (> 300 字符)
../cantian-ai-wiki/docs\神煞\寡宿.md,missing_title,缺少标题
../cantian-ai-wiki/docs\神煞\寡宿.md,short_description,描述过短 (< 50 字符)
../cantian-ai-wiki/docs\神煞\寡宿.md,no_internal_links,没有内部链接
../cantian-ai-wiki/docs\神煞\寡宿.md,long_paragraphs,段落过长 (> 300 字符)
../cantian-ai-wiki/docs\神煞\将星.md,missing_title,缺少标题
../cantian-ai-wiki/docs\神煞\将星.md,short_description,描述过短 (< 50 字符)
../cantian-ai-wiki/docs\神煞\将星.md,no_internal_links,没有内部链接
../cantian-ai-wiki/docs\神煞\将星.md,long_paragraphs,段落过长 (> 300 字符)
../cantian-ai-wiki/docs\神煞\德秀贵人.md,missing_title,缺少标题
../cantian-ai-wiki/docs\神煞\德秀贵人.md,short_description,描述过短 (< 50 字符)
../cantian-ai-wiki/docs\神煞\德秀贵人.md,no_internal_links,没有内部链接
../cantian-ai-wiki/docs\神煞\德秀贵人.md,long_paragraphs,段落过长 (> 300 字符)
../cantian-ai-wiki/docs\神煞\披头.md,missing_title,缺少标题
../cantian-ai-wiki/docs\神煞\披头.md,short_description,描述过短 (< 50 字符)
../cantian-ai-wiki/docs\神煞\披头.md,no_internal_links,没有内部链接
../cantian-ai-wiki/docs\神煞\披头.md,long_paragraphs,段落过长 (> 300 字符)
../cantian-ai-wiki/docs\神煞\披麻.md,missing_title,缺少标题
../cantian-ai-wiki/docs\神煞\披麻.md,short_description,描述过短 (< 50 字符)
../cantian-ai-wiki/docs\神煞\披麻.md,no_internal_links,没有内部链接
../cantian-ai-wiki/docs\神煞\披麻.md,long_paragraphs,段落过长 (> 300 字符)
../cantian-ai-wiki/docs\神煞\拱禄.md,missing_title,缺少标题
../cantian-ai-wiki/docs\神煞\拱禄.md,short_description,描述过短 (< 50 字符)
../cantian-ai-wiki/docs\神煞\拱禄.md,no_internal_links,没有内部链接
../cantian-ai-wiki/docs\神煞\文昌贵人.md,missing_title,缺少标题
../cantian-ai-wiki/docs\神煞\文昌贵人.md,short_description,描述过短 (< 50 字符)
../cantian-ai-wiki/docs\神煞\文昌贵人.md,no_internal_links,没有内部链接
../cantian-ai-wiki/docs\神煞\文昌贵人.md,long_paragraphs,段落过长 (> 300 字符)
../cantian-ai-wiki/docs\神煞\月德合.md,missing_title,缺少标题
../cantian-ai-wiki/docs\神煞\月德合.md,short_description,描述过短 (< 50 字符)
../cantian-ai-wiki/docs\神煞\月德合.md,no_internal_links,没有内部链接
../cantian-ai-wiki/docs\神煞\月德合.md,long_paragraphs,段落过长 (> 300 字符)
../cantian-ai-wiki/docs\神煞\月德贵人.md,missing_title,缺少标题
../cantian-ai-wiki/docs\神煞\月德贵人.md,short_description,描述过短 (< 50 字符)
../cantian-ai-wiki/docs\神煞\月德贵人.md,no_internal_links,没有内部链接
../cantian-ai-wiki/docs\神煞\月德贵人.md,long_paragraphs,段落过长 (> 300 字符)
../cantian-ai-wiki/docs\神煞\桃花.md,missing_title,缺少标题
../cantian-ai-wiki/docs\神煞\桃花.md,short_description,描述过短 (< 50 字符)
../cantian-ai-wiki/docs\神煞\桃花.md,no_internal_links,没有内部链接
../cantian-ai-wiki/docs\神煞\桃花.md,long_paragraphs,段落过长 (> 300 字符)
../cantian-ai-wiki/docs\神煞\流霞.md,missing_title,缺少标题
../cantian-ai-wiki/docs\神煞\流霞.md,short_description,描述过短 (< 50 字符)
../cantian-ai-wiki/docs\神煞\流霞.md,no_internal_links,没有内部链接
../cantian-ai-wiki/docs\神煞\灾煞.md,missing_title,缺少标题
../cantian-ai-wiki/docs\神煞\灾煞.md,short_description,描述过短 (< 50 字符)
../cantian-ai-wiki/docs\神煞\灾煞.md,no_internal_links,没有内部链接
../cantian-ai-wiki/docs\神煞\灾煞.md,long_paragraphs,段落过长 (> 300 字符)
../cantian-ai-wiki/docs\神煞\神煞介绍.md,missing_title,缺少标题
../cantian-ai-wiki/docs\神煞\神煞介绍.md,no_internal_links,没有内部链接
../cantian-ai-wiki/docs\神煞\神煞介绍.md,no_headings,"没有小标题 (h2, h3)"
../cantian-ai-wiki/docs\神煞\神煞介绍.md,long_paragraphs,段落过长 (> 300 字符)
../cantian-ai-wiki/docs\神煞\禄神.md,missing_title,缺少标题
../cantian-ai-wiki/docs\神煞\禄神.md,short_description,描述过短 (< 50 字符)
../cantian-ai-wiki/docs\神煞\禄神.md,no_internal_links,没有内部链接
../cantian-ai-wiki/docs\神煞\禄神.md,long_paragraphs,段落过长 (> 300 字符)
../cantian-ai-wiki/docs\神煞\福星贵人.md,missing_title,缺少标题
../cantian-ai-wiki/docs\神煞\福星贵人.md,short_description,描述过短 (< 50 字符)
../cantian-ai-wiki/docs\神煞\福星贵人.md,no_internal_links,没有内部链接
../cantian-ai-wiki/docs\神煞\空亡.md,missing_title,缺少标题
../cantian-ai-wiki/docs\神煞\空亡.md,short_description,描述过短 (< 50 字符)
../cantian-ai-wiki/docs\神煞\空亡.md,no_internal_links,没有内部链接
../cantian-ai-wiki/docs\神煞\空亡.md,long_paragraphs,段落过长 (> 300 字符)
../cantian-ai-wiki/docs\神煞\童子煞.md,missing_title,缺少标题
../cantian-ai-wiki/docs\神煞\童子煞.md,short_description,描述过短 (< 50 字符)
../cantian-ai-wiki/docs\神煞\童子煞.md,no_internal_links,没有内部链接
../cantian-ai-wiki/docs\神煞\红艳.md,missing_title,缺少标题
../cantian-ai-wiki/docs\神煞\红艳.md,short_description,描述过短 (< 50 字符)
../cantian-ai-wiki/docs\神煞\红艳.md,no_internal_links,没有内部链接
../cantian-ai-wiki/docs\神煞\红鸾.md,missing_title,缺少标题
../cantian-ai-wiki/docs\神煞\红鸾.md,short_description,描述过短 (< 50 字符)
../cantian-ai-wiki/docs\神煞\红鸾.md,no_internal_links,没有内部链接
../cantian-ai-wiki/docs\神煞\红鸾.md,long_paragraphs,段落过长 (> 300 字符)
../cantian-ai-wiki/docs\神煞\羊刃.md,missing_title,缺少标题
../cantian-ai-wiki/docs\神煞\羊刃.md,short_description,描述过短 (< 50 字符)
../cantian-ai-wiki/docs\神煞\羊刃.md,no_internal_links,没有内部链接
../cantian-ai-wiki/docs\神煞\羊刃.md,long_paragraphs,段落过长 (> 300 字符)
../cantian-ai-wiki/docs\神煞\血刃.md,missing_title,缺少标题
../cantian-ai-wiki/docs\神煞\血刃.md,short_description,描述过短 (< 50 字符)
../cantian-ai-wiki/docs\神煞\血刃.md,no_internal_links,没有内部链接
../cantian-ai-wiki/docs\神煞\词馆.md,missing_title,缺少标题
../cantian-ai-wiki/docs\神煞\词馆.md,short_description,描述过短 (< 50 字符)
../cantian-ai-wiki/docs\神煞\词馆.md,no_internal_links,没有内部链接
../cantian-ai-wiki/docs\神煞\词馆.md,long_paragraphs,段落过长 (> 300 字符)
../cantian-ai-wiki/docs\神煞\金神.md,missing_title,缺少标题
../cantian-ai-wiki/docs\神煞\金神.md,short_description,描述过短 (< 50 字符)
../cantian-ai-wiki/docs\神煞\金神.md,no_internal_links,没有内部链接
../cantian-ai-wiki/docs\神煞\金神.md,long_paragraphs,段落过长 (> 300 字符)
../cantian-ai-wiki/docs\神煞\金舆.md,missing_title,缺少标题
../cantian-ai-wiki/docs\神煞\金舆.md,short_description,描述过短 (< 50 字符)
../cantian-ai-wiki/docs\神煞\金舆.md,no_internal_links,没有内部链接
../cantian-ai-wiki/docs\神煞\金舆.md,long_paragraphs,段落过长 (> 300 字符)
../cantian-ai-wiki/docs\神煞\阴差阳错.md,missing_title,缺少标题
../cantian-ai-wiki/docs\神煞\阴差阳错.md,short_description,描述过短 (< 50 字符)
../cantian-ai-wiki/docs\神煞\阴差阳错.md,no_internal_links,没有内部链接
../cantian-ai-wiki/docs\神煞\阴差阳错.md,long_paragraphs,段落过长 (> 300 字符)
../cantian-ai-wiki/docs\神煞\隔角煞.md,missing_title,缺少标题
../cantian-ai-wiki/docs\神煞\隔角煞.md,short_description,描述过短 (< 50 字符)
../cantian-ai-wiki/docs\神煞\隔角煞.md,no_internal_links,没有内部链接
../cantian-ai-wiki/docs\神煞\飞刃.md,missing_title,缺少标题
../cantian-ai-wiki/docs\神煞\飞刃.md,short_description,描述过短 (< 50 字符)
../cantian-ai-wiki/docs\神煞\飞刃.md,no_internal_links,没有内部链接
../cantian-ai-wiki/docs\神煞\驿马.md,missing_title,缺少标题
../cantian-ai-wiki/docs\神煞\驿马.md,short_description,描述过短 (< 50 字符)
../cantian-ai-wiki/docs\神煞\驿马.md,no_internal_links,没有内部链接
../cantian-ai-wiki/docs\神煞\驿马.md,long_paragraphs,段落过长 (> 300 字符)
../cantian-ai-wiki/docs\神煞\魁罡.md,missing_title,缺少标题
../cantian-ai-wiki/docs\神煞\魁罡.md,short_description,描述过短 (< 50 字符)
../cantian-ai-wiki/docs\神煞\魁罡.md,no_internal_links,没有内部链接
../cantian-ai-wiki/docs\神煞\魁罡.md,long_paragraphs,段落过长 (> 300 字符)
../cantian-ai-wiki/docs\空亡\午未.md,missing_title,缺少标题
../cantian-ai-wiki/docs\空亡\午未.md,no_internal_links,没有内部链接
../cantian-ai-wiki/docs\空亡\午未.md,no_headings,"没有小标题 (h2, h3)"
../cantian-ai-wiki/docs\空亡\子丑.md,missing_title,缺少标题
../cantian-ai-wiki/docs\空亡\子丑.md,no_internal_links,没有内部链接
../cantian-ai-wiki/docs\空亡\子丑.md,no_headings,"没有小标题 (h2, h3)"
../cantian-ai-wiki/docs\空亡\寅卯.md,missing_title,缺少标题
../cantian-ai-wiki/docs\空亡\寅卯.md,no_internal_links,没有内部链接
../cantian-ai-wiki/docs\空亡\寅卯.md,no_headings,"没有小标题 (h2, h3)"
../cantian-ai-wiki/docs\空亡\戌亥.md,missing_title,缺少标题
../cantian-ai-wiki/docs\空亡\戌亥.md,no_internal_links,没有内部链接
../cantian-ai-wiki/docs\空亡\戌亥.md,no_headings,"没有小标题 (h2, h3)"
../cantian-ai-wiki/docs\空亡\申酉.md,missing_title,缺少标题
../cantian-ai-wiki/docs\空亡\申酉.md,no_internal_links,没有内部链接
../cantian-ai-wiki/docs\空亡\申酉.md,no_headings,"没有小标题 (h2, h3)"
../cantian-ai-wiki/docs\空亡\空亡介绍.md,missing_title,缺少标题
../cantian-ai-wiki/docs\空亡\空亡介绍.md,no_internal_links,没有内部链接
../cantian-ai-wiki/docs\空亡\空亡介绍.md,no_headings,"没有小标题 (h2, h3)"
../cantian-ai-wiki/docs\空亡\空亡介绍.md,long_paragraphs,段落过长 (> 300 字符)
../cantian-ai-wiki/docs\空亡\辰巳.md,missing_title,缺少标题
../cantian-ai-wiki/docs\空亡\辰巳.md,no_internal_links,没有内部链接
../cantian-ai-wiki/docs\空亡\辰巳.md,no_headings,"没有小标题 (h2, h3)"
../cantian-ai-wiki/docs\纳音\井泉水__.md,missing_title,缺少标题
../cantian-ai-wiki/docs\纳音\井泉水__.md,no_internal_links,没有内部链接
../cantian-ai-wiki/docs\纳音\井泉水__.md,no_headings,"没有小标题 (h2, h3)"
../cantian-ai-wiki/docs\纳音\井泉水__.md,long_paragraphs,段落过长 (> 300 字符)
../cantian-ai-wiki/docs\纳音\剑锋金__.md,missing_title,缺少标题
../cantian-ai-wiki/docs\纳音\剑锋金__.md,no_internal_links,没有内部链接
../cantian-ai-wiki/docs\纳音\剑锋金__.md,no_headings,"没有小标题 (h2, h3)"
../cantian-ai-wiki/docs\纳音\剑锋金__.md,long_paragraphs,段落过长 (> 300 字符)
../cantian-ai-wiki/docs\纳音\城头土__.md,missing_title,缺少标题
../cantian-ai-wiki/docs\纳音\城头土__.md,no_internal_links,没有内部链接
../cantian-ai-wiki/docs\纳音\城头土__.md,no_headings,"没有小标题 (h2, h3)"
../cantian-ai-wiki/docs\纳音\壁上土__.md,missing_title,缺少标题
../cantian-ai-wiki/docs\纳音\壁上土__.md,no_internal_links,没有内部链接
../cantian-ai-wiki/docs\纳音\壁上土__.md,no_headings,"没有小标题 (h2, h3)"
../cantian-ai-wiki/docs\纳音\大林木__.md,missing_title,缺少标题
../cantian-ai-wiki/docs\纳音\大林木__.md,no_internal_links,没有内部链接
../cantian-ai-wiki/docs\纳音\大林木__.md,no_headings,"没有小标题 (h2, h3)"
../cantian-ai-wiki/docs\纳音\大林木__.md,long_paragraphs,段落过长 (> 300 字符)
../cantian-ai-wiki/docs\纳音\大海水__.md,missing_title,缺少标题
../cantian-ai-wiki/docs\纳音\大海水__.md,no_internal_links,没有内部链接
../cantian-ai-wiki/docs\纳音\大海水__.md,no_headings,"没有小标题 (h2, h3)"
../cantian-ai-wiki/docs\纳音\大海水__.md,long_paragraphs,段落过长 (> 300 字符)
../cantian-ai-wiki/docs\纳音\大溪水__.md,missing_title,缺少标题
../cantian-ai-wiki/docs\纳音\大溪水__.md,no_internal_links,没有内部链接
../cantian-ai-wiki/docs\纳音\大溪水__.md,no_headings,"没有小标题 (h2, h3)"
../cantian-ai-wiki/docs\纳音\大驿土__.md,missing_title,缺少标题
../cantian-ai-wiki/docs\纳音\大驿土__.md,no_internal_links,没有内部链接
../cantian-ai-wiki/docs\纳音\大驿土__.md,no_headings,"没有小标题 (h2, h3)"
../cantian-ai-wiki/docs\纳音\大驿土__.md,long_paragraphs,段落过长 (> 300 字符)
../cantian-ai-wiki/docs\纳音\天上火__.md,missing_title,缺少标题
../cantian-ai-wiki/docs\纳音\天上火__.md,no_internal_links,没有内部链接
../cantian-ai-wiki/docs\纳音\天上火__.md,no_headings,"没有小标题 (h2, h3)"
../cantian-ai-wiki/docs\纳音\天河水__.md,missing_title,缺少标题
../cantian-ai-wiki/docs\纳音\天河水__.md,no_internal_links,没有内部链接
../cantian-ai-wiki/docs\纳音\天河水__.md,no_headings,"没有小标题 (h2, h3)"
../cantian-ai-wiki/docs\纳音\天河水__.md,long_paragraphs,段落过长 (> 300 字符)
../cantian-ai-wiki/docs\纳音\屋上土__.md,missing_title,缺少标题
../cantian-ai-wiki/docs\纳音\屋上土__.md,no_internal_links,没有内部链接
../cantian-ai-wiki/docs\纳音\屋上土__.md,no_headings,"没有小标题 (h2, h3)"
../cantian-ai-wiki/docs\纳音\屋上土__.md,long_paragraphs,段落过长 (> 300 字符)
../cantian-ai-wiki/docs\纳音\山下火__.md,missing_title,缺少标题
../cantian-ai-wiki/docs\纳音\山下火__.md,no_internal_links,没有内部链接
../cantian-ai-wiki/docs\纳音\山下火__.md,no_headings,"没有小标题 (h2, h3)"
../cantian-ai-wiki/docs\纳音\山头火__.md,missing_title,缺少标题
../cantian-ai-wiki/docs\纳音\山头火__.md,no_internal_links,没有内部链接
../cantian-ai-wiki/docs\纳音\山头火__.md,no_headings,"没有小标题 (h2, h3)"
../cantian-ai-wiki/docs\纳音\平地木__.md,missing_title,缺少标题
../cantian-ai-wiki/docs\纳音\平地木__.md,no_internal_links,没有内部链接
../cantian-ai-wiki/docs\纳音\平地木__.md,no_headings,"没有小标题 (h2, h3)"
../cantian-ai-wiki/docs\纳音\杨柳木__.md,missing_title,缺少标题
../cantian-ai-wiki/docs\纳音\杨柳木__.md,no_internal_links,没有内部链接
../cantian-ai-wiki/docs\纳音\杨柳木__.md,no_headings,"没有小标题 (h2, h3)"
../cantian-ai-wiki/docs\纳音\松柏木__.md,missing_title,缺少标题
../cantian-ai-wiki/docs\纳音\松柏木__.md,no_internal_links,没有内部链接
../cantian-ai-wiki/docs\纳音\松柏木__.md,no_headings,"没有小标题 (h2, h3)"
../cantian-ai-wiki/docs\纳音\桑柘木__.md,missing_title,缺少标题
../cantian-ai-wiki/docs\纳音\桑柘木__.md,no_internal_links,没有内部链接
../cantian-ai-wiki/docs\纳音\桑柘木__.md,no_headings,"没有小标题 (h2, h3)"
../cantian-ai-wiki/docs\纳音\沙中土__.md,missing_title,缺少标题
../cantian-ai-wiki/docs\纳音\沙中土__.md,no_internal_links,没有内部链接
../cantian-ai-wiki/docs\纳音\沙中土__.md,no_headings,"没有小标题 (h2, h3)"
../cantian-ai-wiki/docs\纳音\沙中土__.md,long_paragraphs,段落过长 (> 300 字符)
../cantian-ai-wiki/docs\纳音\沙中金__.md,missing_title,缺少标题
../cantian-ai-wiki/docs\纳音\沙中金__.md,no_internal_links,没有内部链接
../cantian-ai-wiki/docs\纳音\沙中金__.md,no_headings,"没有小标题 (h2, h3)"
../cantian-ai-wiki/docs\纳音\沙中金__.md,long_paragraphs,段落过长 (> 300 字符)
../cantian-ai-wiki/docs\纳音\海中金__.md,missing_title,缺少标题
../cantian-ai-wiki/docs\纳音\海中金__.md,no_internal_links,没有内部链接
../cantian-ai-wiki/docs\纳音\海中金__.md,no_headings,"没有小标题 (h2, h3)"
../cantian-ai-wiki/docs\纳音\海中金__.md,long_paragraphs,段落过长 (> 300 字符)
../cantian-ai-wiki/docs\纳音\涧下水__.md,missing_title,缺少标题
../cantian-ai-wiki/docs\纳音\涧下水__.md,no_internal_links,没有内部链接
../cantian-ai-wiki/docs\纳音\涧下水__.md,no_headings,"没有小标题 (h2, h3)"
../cantian-ai-wiki/docs\纳音\炉中火__.md,missing_title,缺少标题
../cantian-ai-wiki/docs\纳音\炉中火__.md,no_internal_links,没有内部链接
../cantian-ai-wiki/docs\纳音\炉中火__.md,no_headings,"没有小标题 (h2, h3)"
../cantian-ai-wiki/docs\纳音\炉中火__.md,long_paragraphs,段落过长 (> 300 字符)
../cantian-ai-wiki/docs\纳音\白蜡金__.md,missing_title,缺少标题
../cantian-ai-wiki/docs\纳音\白蜡金__.md,no_internal_links,没有内部链接
../cantian-ai-wiki/docs\纳音\白蜡金__.md,no_headings,"没有小标题 (h2, h3)"
../cantian-ai-wiki/docs\纳音\石榴木__.md,missing_title,缺少标题
../cantian-ai-wiki/docs\纳音\石榴木__.md,no_internal_links,没有内部链接
../cantian-ai-wiki/docs\纳音\石榴木__.md,no_headings,"没有小标题 (h2, h3)"
../cantian-ai-wiki/docs\纳音\纳音介绍.md,missing_title,缺少标题
../cantian-ai-wiki/docs\纳音\纳音介绍.md,no_internal_links,没有内部链接
../cantian-ai-wiki/docs\纳音\纳音介绍.md,no_headings,"没有小标题 (h2, h3)"
../cantian-ai-wiki/docs\纳音\纳音介绍.md,long_paragraphs,段落过长 (> 300 字符)
../cantian-ai-wiki/docs\纳音\覆灯火__.md,missing_title,缺少标题
../cantian-ai-wiki/docs\纳音\覆灯火__.md,no_internal_links,没有内部链接
../cantian-ai-wiki/docs\纳音\覆灯火__.md,no_headings,"没有小标题 (h2, h3)"
../cantian-ai-wiki/docs\纳音\路傍土__.md,missing_title,缺少标题
../cantian-ai-wiki/docs\纳音\路傍土__.md,no_internal_links,没有内部链接
../cantian-ai-wiki/docs\纳音\路傍土__.md,no_headings,"没有小标题 (h2, h3)"
../cantian-ai-wiki/docs\纳音\路傍土__.md,long_paragraphs,段落过长 (> 300 字符)
../cantian-ai-wiki/docs\纳音\金箔金__.md,missing_title,缺少标题
../cantian-ai-wiki/docs\纳音\金箔金__.md,no_internal_links,没有内部链接
../cantian-ai-wiki/docs\纳音\金箔金__.md,no_headings,"没有小标题 (h2, h3)"
../cantian-ai-wiki/docs\纳音\金箔金__.md,long_paragraphs,段落过长 (> 300 字符)
../cantian-ai-wiki/docs\纳音\钗钏金__.md,missing_title,缺少标题
../cantian-ai-wiki/docs\纳音\钗钏金__.md,no_internal_links,没有内部链接
../cantian-ai-wiki/docs\纳音\钗钏金__.md,no_headings,"没有小标题 (h2, h3)"
../cantian-ai-wiki/docs\纳音\长流水__.md,missing_title,缺少标题
../cantian-ai-wiki/docs\纳音\长流水__.md,no_internal_links,没有内部链接
../cantian-ai-wiki/docs\纳音\长流水__.md,no_headings,"没有小标题 (h2, h3)"
../cantian-ai-wiki/docs\纳音\长流水__.md,long_paragraphs,段落过长 (> 300 字符)
../cantian-ai-wiki/docs\纳音\霹雳火__.md,missing_title,缺少标题
../cantian-ai-wiki/docs\纳音\霹雳火__.md,no_internal_links,没有内部链接
../cantian-ai-wiki/docs\纳音\霹雳火__.md,no_headings,"没有小标题 (h2, h3)"
